N,P,K,temperature,humidity,ph,rainfall,label
2.0,24.0,38.0,24.55981624,91.63536236,5.922935513,111.9684622,pomegranate
6.0,18.0,37.0,19.65690085,89.93701023,5.937649578,108.0458926,pomegranate
8.0,26.0,36.0,18.78359608,87.4024767,6.804781106,102.5184759,pomegranate
37.0,18.0,39.0,24.1469628,94.5110662,6.424670614,110.2316633,pomegranate
0.0,27.0,38.0,22.44581266,89.90147027,6.738016221,109.3905998,pomegranate
31.0,25.0,38.0,24.96273236,92.40501423,6.497366677,109.4169192,pomegranate
21.0,21.0,38.0,22.5526059,89.3259486,6.327673765,104.8955643,pomegranate
6.0,30.0,40.0,22.77035608,91.45498527,6.36137446,106.9659201,pomegranate
25.0,27.0,41.0,19.20090378,94.27659596,6.923509371,108.0423555,pomegranate
15.0,11.0,38.0,23.12808226,92.68328358,6.630646083,109.3930157,pomegranate
14.0,5.0,36.0,24.92639065,85.19098079,5.832525853,104.7693804,pomegranate
16.0,10.0,41.0,24.77464458,85.63608688,6.738993954,105.7595811,pomegranate
36.0,7.0,37.0,19.8671184,86.35590206,5.782435567,108.3168858,pomegranate
4.0,20.0,41.0,24.26601316,93.7974061,6.537042717,104.5375109,pomegranate
29.0,22.0,40.0,23.62600218,89.73266695,6.145104401,107.6836871,pomegranate
16.0,15.0,42.0,19.67832052,89.08935702,6.890784045,108.5468633,pomegranate
18.0,27.0,41.0,22.36509395,92.30882391,7.175344328,104.8216333,pomegranate
11.0,18.0,42.0,21.57936934,94.88267728,5.938528744,102.8593382,pomegranate
5.0,15.0,38.0,18.26233221,88.16779129,5.709380472,108.0756727,pomegranate
18.0,23.0,44.0,23.71028128,89.61794165,6.184400085,105.6499907,pomegranate
9.0,8.0,40.0,22.48720144,89.9224883,6.553509673,111.6631582,pomegranate
40.0,27.0,45.0,21.6602498,94.79397419,5.885638185,112.4349689,pomegranate
22.0,23.0,44.0,20.13037175,89.31505137,6.143874691,107.3416913,pomegranate
9.0,16.0,39.0,18.41164435,91.11927248,6.101198974,105.1834976,pomegranate
12.0,29.0,40.0,19.68291173,89.75272999,6.594037135,111.2818551,pomegranate
0.0,17.0,42.0,23.20242586,91.19442671,6.859840821,109.0946323,pomegranate
2.0,21.0,44.0,18.92157197,87.31290342,6.56893406,102.8013275,pomegranate
28.0,6.0,40.0,22.10621387,91.34039616,6.769855664,106.8704803,pomegranate
8.0,23.0,44.0,18.47412402,89.68919664,7.130837931,108.4758509,pomegranate
29.0,16.0,36.0,19.81069447,88.92944254,5.740338002,102.860084,pomegranate
17.0,18.0,43.0,24.4880844,90.83687246,5.843005428,103.1969341,pomegranate
34.0,21.0,42.0,18.75927679,89.93457597,6.648687274,111.0196744,pomegranate
21.0,23.0,42.0,19.54128063,90.29751796,6.902751061,104.3739878,pomegranate
25.0,17.0,40.0,18.91251245,87.74938524,6.608023872,111.2800516,pomegranate
8.0,25.0,36.0,19.91330523,94.95031368,6.828522375,104.0277061,pomegranate
26.0,18.0,42.0,19.72620525,89.64934166,6.910374919,108.2287276,pomegranate
4.0,19.0,42.0,23.83185873,87.84034604,6.306605528,111.2232716,pomegranate
36.0,24.0,41.0,24.94467632,94.25702672,7.009180374,103.8799347,pomegranate
5.0,24.0,40.0,24.692258,93.87030088,6.297907579,104.6735454,pomegranate
19.0,17.0,39.0,24.72485577,85.56083187,6.728599215,111.2787584,pomegranate
39.0,30.0,38.0,20.12644921,87.59629625,6.965156738,108.065579,pomegranate
5.0,29.0,44.0,21.02432943,93.0569505,5.578095745,104.7847006,pomegranate
4.0,24.0,43.0,22.40423537,88.1508343,7.199504273,109.8695196,pomegranate
38.0,21.0,35.0,20.33691147,89.38003827,5.841367187,110.9653137,pomegranate
37.0,11.0,36.0,24.24779615,85.56033312,6.710143266,106.9216033,pomegranate
9.0,25.0,41.0,24.81530144,91.90842992,5.972714857,109.2853418,pomegranate
29.0,22.0,43.0,19.66329768,87.95158129,5.561851831,106.0380805,pomegranate
5.0,21.0,38.0,22.43377991,90.3396556,6.107054808,112.459697,pomegranate
22.0,26.0,38.0,22.92052307,85.12912161,6.988035315,110.2437841,pomegranate
4.0,18.0,37.0,22.91843172,85.40695044,7.13147457,106.2817706,pomegranate
21.0,6.0,41.0,24.88244467,89.39686219,7.086947687,107.1951707,pomegranate
29.0,21.0,45.0,23.40981539,93.13277,6.749260456,105.2240743,pomegranate
23.0,5.0,44.0,21.20725375,94.26304717,7.16300467,107.5660804,pomegranate
13.0,7.0,43.0,18.20230419,91.12282162,7.013481515,109.6623974,pomegranate
5.0,13.0,37.0,22.34375696,89.7870345,5.648243649,103.3183074,pomegranate
27.0,24.0,41.0,24.32770134,90.88292835,6.610251186,110.4606459,pomegranate
7.0,23.0,35.0,19.75088482,88.71691157,7.054313823,102.5538035,pomegranate
12.0,20.0,39.0,19.86173586,86.19740917,6.026999326,111.0217929,pomegranate
4.0,19.0,43.0,18.07132963,93.14554876,5.779427402,106.3602023,pomegranate
3.0,9.0,45.0,23.89162561,89.61850203,6.535244251,104.617522,pomegranate
1.0,27.0,36.0,23.98598756,93.34236582,5.684995235,104.991282,pomegranate
23.0,30.0,44.0,20.93892916,85.42912869,6.12476108,103.0295938,pomegranate
24.0,21.0,42.0,20.82210727,87.22815682,6.999014379,109.4429934,pomegranate
13.0,30.0,37.0,20.86474944,91.61793636,6.277148771,106.8685636,pomegranate
40.0,11.0,44.0,24.45840036,86.10874614,6.322396027,111.3779693,pomegranate
21.0,9.0,40.0,24.51147697,90.64498715,5.956401828,105.6209954,pomegranate
3.0,27.0,44.0,24.56811204,92.03009222,6.591302797,110.9633894,pomegranate
40.0,29.0,42.0,24.63228709,89.01574455,7.104094929,110.6956184,pomegranate
14.0,25.0,40.0,20.07386547,90.97819712,6.407872061,103.7084055,pomegranate
38.0,14.0,37.0,21.80523051,94.63612858,6.658402594,102.6488846,pomegranate
34.0,9.0,36.0,22.8122645,86.34233767,6.276038961,110.4432293,pomegranate
32.0,14.0,37.0,22.73031253,88.48567856,6.825256236,104.6843243,pomegranate
18.0,21.0,35.0,23.2801227,94.94330457,6.368560522,111.1382096,pomegranate
8.0,23.0,38.0,19.30106297,87.1775172,7.005410734,105.4766591,pomegranate
15.0,6.0,41.0,19.0087067,88.83768149,6.897368477,108.6793978,pomegranate
0.0,5.0,36.0,24.35193812,90.88612388,6.152906502,105.529185,pomegranate
22.0,9.0,44.0,24.72235539,88.87651295,5.744361602,112.1926517,pomegranate
14.0,8.0,43.0,21.92513945,94.46485312,7.051654924,111.7162016,pomegranate
31.0,11.0,45.0,24.83954414,86.88738076,6.034612928,107.6435771,pomegranate
39.0,17.0,45.0,18.09691127,90.42177379,6.924490731,104.88189,pomegranate
10.0,5.0,42.0,20.24104904,91.08706822,6.887005997,109.2537734,pomegranate
8.0,28.0,38.0,23.22594,94.42971362,6.8444019,105.6917856,pomegranate
32.0,13.0,42.0,23.50128217,92.97527546,5.786058032,106.61905,pomegranate
18.0,9.0,40.0,19.44623085,89.02127045,5.627186257,106.1606833,pomegranate
20.0,27.0,41.0,20.51343484,92.51675903,5.700088663,110.5764023,pomegranate
39.0,25.0,36.0,18.90223032,94.99897537,5.567805185,107.6103211,pomegranate
20.0,7.0,45.0,18.90592319,89.24126808,6.077886012,112.4750941,pomegranate
11.0,10.0,45.0,22.63045168,88.45577158,6.397995609,109.0357597,pomegranate
40.0,18.0,43.0,19.38603815,86.79058496,5.767372539,109.9130984,pomegranate
3.0,26.0,39.0,24.38318965,91.19431555,7.079973241,103.6012114,pomegranate
9.0,16.0,36.0,23.77989026,92.93386903,5.893332378,106.977723,pomegranate
30.0,20.0,38.0,22.59890174,93.16343942,7.058222596,110.0932899,pomegranate
40.0,9.0,41.0,24.37766782,85.4017118,5.78270695,106.128338,pomegranate
40.0,30.0,35.0,20.89273273,91.07776977,6.269663963,104.4407083,pomegranate
32.0,25.0,35.0,18.09903225,85.70786282,5.892913826,107.0050976,pomegranate
33.0,23.0,45.0,20.00218987,85.83618191,7.116538883,112.337046,pomegranate
4.0,14.0,41.0,19.85139326,89.80732335,6.430163481,102.8186358,pomegranate
13.0,17.0,45.0,21.25433607,92.65058936,7.159520979,106.2784673,pomegranate
39.0,24.0,39.0,23.65374106,93.32657504,6.431265737,109.8076178,pomegranate
8.0,28.0,37.0,23.88404783,86.20613842,6.082571701,108.3121789,pomegranate
91.0,94.0,46.0,29.36792366,76.24900101,6.149934034,92.82840911,banana
105.0,95.0,50.0,27.33368994,83.67675197,5.849076099,101.0494791,banana
108.0,92.0,53.0,27.40053601,82.96221306,6.276800323,104.9378,banana
86.0,76.0,54.0,29.3159075,80.11585705,5.926824754,90.10978128,banana
80.0,77.0,49.0,26.05433004,79.39654531,5.519088423,113.2297373,banana
93.0,94.0,53.0,25.86632408,84.42379269,6.079178788,114.5357503,banana
90.0,92.0,55.0,27.00932084,80.18546798,6.13465588,97.32531705,banana
108.0,89.0,53.0,29.55054817,78.06762846,5.808497604,99.34482238,banana
108.0,88.0,55.0,26.28845991,83.390039,5.891458107,113.8729798,banana
105.0,77.0,52.0,29.16226551,76.16151562,5.816622479,100.0075679,banana
118.0,88.0,52.0,28.65003945,82.68752542,5.843163161,98.75084366,banana
101.0,87.0,54.0,29.07311132,76.50045221,6.376756633,100.1692639,banana
95.0,75.0,50.0,28.08166093,75.26429821,5.623615687,118.2761894,banana
106.0,85.0,53.0,27.1994597,78.8086068,5.91505509,99.72430835,banana
86.0,95.0,49.0,28.05484146,78.04602887,6.458714879,108.3957179,banana
83.0,79.0,55.0,25.14748006,83.34688193,5.565028635,98.66679427,banana
85.0,95.0,47.0,25.94019018,78.3422098,6.211833161,119.84797,banana
109.0,79.0,45.0,27.66752761,79.68542782,6.490074429,108.66464,banana
100.0,76.0,45.0,25.56703012,75.94067692,5.590236025,102.7867717,banana
117.0,86.0,48.0,28.6956201,82.54195839,6.225225239,116.1616839,banana
114.0,94.0,53.0,26.33544853,76.8532006,6.190757459,118.6858263,banana
110.0,78.0,50.0,25.93730186,78.89864446,5.915568968,98.21747528,banana
94.0,70.0,48.0,25.13686519,84.88394407,6.195152442,91.46442491,banana
80.0,71.0,47.0,27.50527651,80.79783998,6.156373499,105.0776992,banana
114.0,79.0,51.0,26.21009246,82.34429458,6.313197204,112.0700033,banana
88.0,78.0,45.0,29.10403455,79.19588629,6.324270089,92.07835761,banana
112.0,73.0,48.0,29.2440638,77.32017166,5.707488987,90.66727868,banana
117.0,76.0,47.0,25.56202173,77.38229006,6.119216009,93.10247183,banana
111.0,87.0,48.0,26.3985515,81.36028902,5.571401169,98.16752001,banana
89.0,83.0,47.0,28.09577643,77.79586769,5.63127166,109.5408614,banana
93.0,91.0,47.0,27.84767901,83.31110751,6.101241579,117.2878912,banana
92.0,81.0,52.0,27.39341554,81.4654833,6.438137279,94.31102057,banana
105.0,74.0,45.0,25.14517635,81.38204104,6.098369122,119.218154,banana
102.0,71.0,48.0,28.65456263,79.28693687,5.695267822,102.4633775,banana
94.0,91.0,51.0,29.16093424,76.67484233,5.618094446,109.575944,banana
116.0,71.0,47.0,27.57278064,82.0638878,6.435785799,91.34276507,banana
117.0,79.0,49.0,25.40909896,82.36208097,6.176644228,112.9794804,banana
119.0,72.0,55.0,25.99069521,83.33983116,6.220643671,112.0777152,banana
99.0,73.0,53.0,26.29039046,81.06003778,5.871702211,118.6730366,banana
91.0,84.0,52.0,29.14827211,78.71024836,6.390741836,117.536781,banana
80.0,90.0,47.0,26.59743595,79.35898915,6.21084479,107.3944717,banana
101.0,70.0,48.0,25.36059237,75.03193255,6.012696655,116.5531455,banana
108.0,89.0,53.0,29.12036889,80.18080728,5.908770059,112.3982055,banana
100.0,80.0,52.0,27.53911354,77.25629897,6.049801781,110.3262123,banana
109.0,91.0,53.0,29.66727337,83.51014178,6.010095853,110.2511102,banana
82.0,78.0,46.0,25.05802193,84.97323747,5.738678895,110.4408803,banana
106.0,70.0,55.0,25.86824781,78.52399914,5.74055541,116.3019555,banana
90.0,86.0,52.0,25.85036988,81.95580471,5.793260262,119.0856171,banana
83.0,95.0,50.0,26.51682337,77.79913575,5.50947065,108.8547508,banana
119.0,90.0,48.0,28.66725136,79.59242542,5.986442306,118.2583441,banana
107.0,72.0,45.0,28.14938935,81.54448882,5.790768046,91.40508414,banana
116.0,81.0,55.0,26.42313317,83.6995044,5.915546415,95.12322062,banana
101.0,75.0,50.0,26.59386409,81.40740301,6.242528278,109.9825551,banana
93.0,81.0,50.0,27.71822477,76.57853189,6.036079266,102.2099836,banana
95.0,75.0,45.0,28.98333432,82.95958244,5.829898502,109.022564,banana
107.0,71.0,55.0,29.42017919,83.96754496,6.088064451,117.229079,banana
83.0,94.0,47.0,27.39872329,81.10523402,6.469370954,112.1355384,banana
102.0,73.0,54.0,26.4020227,84.41007614,5.720726906,111.0162259,banana
86.0,79.0,45.0,27.81251452,82.69285419,5.80766417,99.20961514,banana
117.0,86.0,53.0,25.19640218,83.55829874,5.703381728,115.8586081,banana
111.0,79.0,53.0,28.31193338,75.77363772,6.165001278,119.695765,banana
95.0,74.0,50.0,25.90113128,80.47152737,6.002481605,110.10323,banana
91.0,75.0,55.0,27.48612983,76.11239849,6.212369363,109.2768851,banana
93.0,83.0,46.0,29.38254012,83.50423735,5.765308943,109.2486647,banana
92.0,85.0,51.0,29.22118628,81.08183635,5.740764682,108.8616474,banana
104.0,80.0,54.0,27.09062164,81.33506906,5.879119455,110.1331182,banana
103.0,72.0,51.0,26.12643374,81.81365007,6.099478745,104.4812858,banana
92.0,75.0,45.0,29.01207743,77.95192527,5.674403359,90.43495443,banana
93.0,85.0,49.0,27.96799119,79.28625709,5.694243847,119.4765557,banana
120.0,87.0,52.0,28.0764455,76.05522115,5.905494703,118.9923573,banana
108.0,72.0,46.0,25.16278237,84.97849241,6.110844721,90.94554618,banana
105.0,88.0,54.0,25.78749808,84.51194224,6.020445317,114.2005455,banana
98.0,79.0,50.0,25.34119774,84.47321314,6.435917308,91.06493353,banana
111.0,88.0,55.0,29.44795403,78.34971537,5.505393833,96.45042585,banana
97.0,74.0,45.0,26.47522633,78.51833782,5.677719902,113.1161095,banana
95.0,82.0,48.0,27.39489579,83.31172003,5.719014989,92.78133617,banana
89.0,91.0,55.0,25.08347445,80.261731,6.275572298,94.32961456,banana
89.0,85.0,55.0,26.6719835,76.48541655,6.275384607,91.73358569,banana
118.0,88.0,51.0,25.44926208,79.49221962,6.201911642,100.6619171,banana
101.0,92.0,45.0,28.22776705,80.6430384,5.758054257,98.00403016,banana
99.0,92.0,47.0,28.1279509,77.48247073,6.323933647,103.5045395,banana
82.0,77.0,46.0,28.9470467,82.1888998,5.901100841,95.83016448,banana
90.0,86.0,55.0,27.96236771,84.15403614,5.644486582,97.55986676,banana
95.0,88.0,52.0,28.00316034,78.90085998,6.235461772,94.68180316,banana
104.0,73.0,46.0,29.1400919,80.1190228,6.28236237,90.45142867,banana
102.0,73.0,52.0,27.9122104,83.36307683,6.356090905,90.24211529,banana
100.0,74.0,52.0,25.43480512,81.53977797,5.837258235,96.47800391,banana
94.0,89.0,48.0,28.55980972,84.51602322,5.653437902,111.0843029,banana
99.0,70.0,46.0,26.59580783,82.99556744,5.727469947,100.5123341,banana
112.0,87.0,48.0,27.19711623,77.3970629,6.200111068,99.46950465,banana
117.0,82.0,45.0,25.29391516,79.29122198,5.614471478,105.4220251,banana
96.0,86.0,51.0,29.90888522,76.98740841,6.257369799,91.99964712,banana
113.0,85.0,45.0,27.94972463,76.63713353,6.037430836,109.0921631,banana
105.0,93.0,46.0,25.01018457,78.76260938,5.760457558,108.3690513,banana
85.0,89.0,51.0,29.21144871,84.70189923,6.158164422,108.5501443,banana
108.0,94.0,47.0,27.35911627,84.54625006,6.387431383,90.81250457,banana
92.0,81.0,52.0,28.0106804,76.52808057,5.891413895,103.7040783,banana
110.0,71.0,54.0,28.67208915,82.20793613,5.725418961,94.37987496,banana
82.0,75.0,55.0,27.34585147,78.4873835,6.281069505,92.15524332,banana
117.0,81.0,53.0,29.50704598,78.20585613,5.507641778,98.12565829,banana
2.0,40.0,27.0,29.73770045,47.54885174,5.954626604,90.09586854,mango
39.0,24.0,31.0,33.55695561,53.72979826,4.757114897,98.67527561,mango
21.0,26.0,27.0,27.00315545,47.67525434,5.699586972,95.85118326,mango
25.0,22.0,25.0,33.56150184,45.53556603,5.977413803,95.70525913,mango
0.0,21.0,32.0,35.89855625,54.25964196,6.430139436,92.19721736,mango
20.0,19.0,35.0,34.17719782,50.62161586,6.113935087,98.00687989,mango
19.0,21.0,34.0,30.01592643,53.19212381,5.074272692,97.72843182,mango
18.0,17.0,31.0,31.74592134,45.16127859,5.667507706,93.75441586,mango
11.0,36.0,33.0,35.99009679,52.22780489,5.978634285,95.3713484,mango
30.0,28.0,30.0,31.86641378,52.19331595,5.064613314,98.46768642,mango
18.0,19.0,27.0,27.75518664,52.34605806,4.772385986,94.11213345,mango
23.0,23.0,27.0,34.72413192,51.4271781,5.161148592,97.31258083,mango
37.0,30.0,34.0,27.53907547,53.63549533,6.797779227,99.35408185,mango
11.0,27.0,30.0,27.69637763,48.5622488,6.39474303,89.85646496,mango
12.0,19.0,31.0,27.25373364,52.66319725,5.566704378,91.87312479,mango
3.0,28.0,33.0,30.33723921,48.88704844,5.755049971,94.42850522,mango
37.0,38.0,32.0,31.85744939,45.53106268,5.417340525,91.55845821,mango
26.0,37.0,30.0,35.39986338,49.45962621,6.166173834,97.41054011,mango
14.0,18.0,30.0,29.80747243,52.13797867,5.191265116,95.74606104,mango
40.0,16.0,35.0,34.16438906,54.16482251,4.954739564,98.33351125,mango
4.0,20.0,25.0,28.93270187,47.94053996,5.664587011,99.9834242,mango
36.0,25.0,33.0,27.98392787,53.33018851,5.548584852,99.61465679,mango
30.0,17.0,31.0,31.20478173,54.49960506,6.804437106,94.62954663,mango
28.0,37.0,28.0,32.13409675,50.52559148,6.097869767,98.63333684,mango
38.0,15.0,30.0,28.91862016,48.13974548,5.075504537,97.01331604,mango
12.0,37.0,30.0,31.09779147,47.41196659,4.546466109,90.28624348,mango
38.0,19.0,31.0,34.73823882,49.08864345,5.855119268,90.65022183,mango
8.0,33.0,29.0,29.98080499,49.48613279,6.442393461,91.82271568,mango
15.0,27.0,28.0,33.80398664,46.12866113,4.507523551,90.82549241,mango
34.0,16.0,25.0,30.07202564,50.96040505,6.10729559,92.09609766,mango
11.0,36.0,31.0,27.92063282,51.77965917,6.47544932,100.2585673,mango
33.0,29.0,34.0,31.40948821,49.21729127,6.832979509,92.99739415,mango
12.0,31.0,26.0,35.7877738,51.94190321,5.395275719,100.2160615,mango
12.0,34.0,28.0,33.36140093,45.02236377,6.13526938,98.81596545,mango
5.0,16.0,31.0,35.96054636,48.69677802,4.555688532,98.00644238,mango
1.0,30.0,29.0,28.33333307,51.39586505,6.434197756,91.67241761,mango
16.0,35.0,31.0,32.27652024,50.19368841,5.316875978,95.99487068,mango
35.0,18.0,26.0,31.99490489,50.84881347,5.279388967,97.38741498,mango
4.0,40.0,26.0,27.58258929,48.56916221,6.720041791,95.8445641,mango
9.0,29.0,34.0,29.38471637,45.88744691,5.72742254,100.8124659,mango
2.0,38.0,33.0,32.38697531,53.2328243,4.691396195,90.21633216,mango
26.0,32.0,32.0,30.91471455,49.92963856,6.810186079,90.14047759,mango
34.0,38.0,31.0,35.37775595,45.58110023,6.454045329,97.41586402,mango
5.0,32.0,33.0,32.32362177,52.5896771,5.842763773,93.36718816,mango
31.0,29.0,26.0,28.22373428,47.40519056,5.024124684,97.76832322,mango
34.0,34.0,35.0,27.27433181,47.16808054,6.422710539,95.257992,mango
36.0,19.0,32.0,27.10710832,50.70880979,4.94295037,92.37238878,mango
7.0,17.0,26.0,34.89226666,48.75613373,6.414526606,91.63074547,mango
38.0,15.0,27.0,33.7462686,48.50387598,6.777788126,92.26439205,mango
5.0,19.0,25.0,27.3511056,54.43945147,6.441328044,96.27792547,mango
37.0,36.0,26.0,32.89300162,52.61323969,4.650536197,94.49161372,mango
21.0,31.0,32.0,35.38598705,51.42664176,5.254532213,90.29643888,mango
37.0,36.0,27.0,27.5529736,47.90859131,5.910634533,90.40332704,mango
23.0,23.0,30.0,32.82141065,47.45553843,4.755273631,90.89173106,mango
36.0,26.0,26.0,30.17294105,51.0845903,6.814630246,95.23444287,mango
24.0,33.0,35.0,29.26382931,54.82257868,5.342866119,100.7586226,mango
26.0,18.0,30.0,32.06097197,51.08494181,6.336234624,96.59816497,mango
22.0,17.0,26.0,28.69818144,47.71875722,4.754435025,99.642454,mango
11.0,34.0,32.0,29.14305008,49.40983294,6.831706773,97.55155537,mango
29.0,35.0,28.0,28.3471611,53.53903102,6.967417766,90.40260445,mango
22.0,28.0,26.0,27.67256197,45.41692012,4.947683034,92.84991507,mango
23.0,24.0,32.0,28.1218093,46.16888595,5.630619901,93.30247448,mango
1.0,35.0,34.0,30.79375683,46.69536813,6.27339822,92.21318555,mango
2.0,24.0,34.0,28.89409382,54.80750249,6.472774648,94.76322976,mango
39.0,37.0,25.0,33.33024826,45.61143594,6.953246506,98.28583013,mango
15.0,36.0,27.0,27.78912455,53.96886679,5.643710216,91.01152997,mango
3.0,18.0,31.0,31.65333432,48.20662669,6.392313973,91.09745581,mango
8.0,38.0,32.0,29.75150773,46.73723302,4.981816523,91.405983,mango
33.0,31.0,34.0,31.32995611,50.22287593,5.421265283,89.78216168,mango
14.0,29.0,32.0,35.63627319,48.97047762,6.942520105,97.51952041,mango
18.0,20.0,26.0,31.66524687,51.98594645,5.435840509,89.98024312,mango
9.0,21.0,32.0,32.26935342,53.56092806,5.870116071,95.94035356,mango
20.0,30.0,27.0,27.81005614,51.59445462,4.74910393,95.89898581,mango
9.0,38.0,25.0,34.58561471,50.34035336,5.497946899,100.3060719,mango
26.0,24.0,34.0,31.27180992,52.23810152,6.811291098,89.74409017,mango
31.0,36.0,29.0,33.93679864,52.72170281,6.460542749,97.4611918,mango
14.0,18.0,35.0,31.09154239,47.02058367,4.791146778,91.46664318,mango
40.0,16.0,35.0,31.89356292,49.02450149,6.4841522,89.59371481,mango
28.0,27.0,34.0,32.45465292,50.69693751,6.526654345,95.04871605,mango
0.0,17.0,30.0,35.47478322,47.97230503,6.279133738,97.79072474,mango
1.0,29.0,29.0,27.32961444,49.30347234,6.052026047,93.53197359,mango
2.0,36.0,31.0,30.90225239,49.95955487,5.73171945,91.77522598,mango
12.0,27.0,26.0,29.09382275,45.5661059,5.32307197,96.23520043,mango
7.0,28.0,35.0,30.02086169,46.78393776,4.66910839,96.63721027,mango
0.0,36.0,26.0,34.13072188,51.25786185,5.101206389,96.38808001,mango
26.0,35.0,31.0,33.44619894,53.05980465,5.339556562,98.05089394,mango
27.0,21.0,30.0,35.3915464,52.48823147,5.061081874,91.22881052,mango
22.0,38.0,31.0,31.53356352,53.06009323,5.821106036,98.57025046,mango
22.0,18.0,31.0,30.7645515,47.93791463,5.956027059,90.38503469,mango
28.0,23.0,28.0,30.01821337,50.0983181,5.676032581,96.08745082,mango
7.0,31.0,27.0,31.32863689,47.59319575,6.524114355,94.67344737,mango
29.0,34.0,26.0,33.88004781,54.39416048,6.273953676,89.29147581,mango
8.0,37.0,33.0,28.07802689,54.9640534,6.128167757,97.45373619,mango
39.0,16.0,27.0,35.53845018,52.94641947,4.934964765,91.54560427,mango
40.0,24.0,25.0,28.70595247,50.44030129,5.445008416,95.8946444,mango
19.0,38.0,26.0,31.48451729,48.77926304,4.525722333,93.17221967,mango
21.0,21.0,30.0,27.69819273,51.41593238,5.403908328,100.7720705,mango
22.0,18.0,33.0,30.41235793,52.48100602,6.621623545,93.92375879,mango
31.0,20.0,30.0,32.17752026,54.01352682,6.207495815,91.88766069,mango
18.0,26.0,31.0,32.6112614,47.74916499,5.418475257,91.10190759,mango
24.0,130.0,195.0,29.99677232,81.54156612,6.112305667,67.12534492,grapes
13.0,144.0,204.0,30.7280404,82.42614055,6.092241627,68.38135469,grapes
22.0,123.0,205.0,32.44577836,83.88504863,5.896343436,68.73932528,grapes
36.0,125.0,196.0,37.46566825,80.65968681,6.15526103,66.83872293,grapes
24.0,131.0,196.0,22.03296178,83.74372787,5.732453638,65.34440794,grapes
2.0,123.0,198.0,39.64851881,82.21079946,6.253034534,70.39906054,grapes
35.0,140.0,197.0,16.77557314,82.75241875,6.106190557,66.76285469,grapes
11.0,122.0,195.0,12.14190714,83.56812483,5.647202395,69.63122027,grapes
6.0,123.0,203.0,12.7567962,81.62497448,6.130310493,66.77844567,grapes
17.0,134.0,204.0,39.04071989,80.18393287,6.499604931,73.88467027,grapes
25.0,130.0,197.0,39.70772192,82.68593454,5.554831977,74.91506217,grapes
27.0,145.0,205.0,9.467960445,82.29335466,5.800242694,66.02765219,grapes
9.0,122.0,201.0,29.58748357,80.91934392,5.570290539,68.06417307,grapes
16.0,139.0,203.0,17.82803682,80.96093443,6.27564088,65.84748763,grapes
32.0,141.0,204.0,8.825674745,82.89753705,5.536645599,67.235765,grapes
22.0,138.0,195.0,27.83487131,83.51444973,6.208196881,73.02882766,grapes
31.0,144.0,202.0,11.02105378,80.55557235,5.870600622,68.23963161,grapes
3.0,136.0,205.0,17.5862944,80.84806564,6.334771461,71.4065452,grapes
28.0,122.0,197.0,19.89363946,82.73366439,5.856575335,69.66256816,grapes
4.0,136.0,204.0,29.93707596,81.77713468,5.898944282,65.52279323,grapes
39.0,145.0,201.0,36.73126647,80.58931938,5.775600435,72.24230804,grapes
38.0,132.0,197.0,20.42094753,81.54185044,5.931101816,66.93065667,grapes
36.0,133.0,198.0,25.51939719,83.98351748,6.2286454,69.17281221,grapes
25.0,121.0,201.0,30.50734778,82.71775569,5.594240603,70.08200379,grapes
15.0,125.0,199.0,18.4269936,80.55625868,5.569230319,69.75734306,grapes
24.0,140.0,205.0,12.087022,83.59398734,5.93202852,68.66813363,grapes
13.0,132.0,203.0,23.60115364,82.48336987,6.423216506,73.23901752,grapes
5.0,126.0,197.0,12.80000387,81.20876367,6.417500829,67.10439401,grapes
30.0,120.0,200.0,38.06099482,82.24729637,6.234904253,65.70148216,grapes
23.0,142.0,197.0,39.06555518,82.03812973,6.000573725,69.30772897,grapes
26.0,135.0,203.0,33.78372897,81.16314317,5.685102769,74.53557341,grapes
7.0,126.0,203.0,16.76201707,82.00335557,5.662140095,73.28712806,grapes
32.0,139.0,198.0,35.89307536,82.66850729,6.358186848,66.53946559,grapes
9.0,141.0,202.0,21.01245395,81.17931863,6.119495295,66.38448261,grapes
20.0,142.0,196.0,10.89875873,80.01639435,6.207600783,68.69420397,grapes
32.0,129.0,201.0,16.36251869,83.00471609,6.48754639,71.55665483,grapes
3.0,134.0,199.0,20.28370163,81.32235739,5.81717753,71.06611222,grapes
38.0,138.0,204.0,25.11108456,83.25447587,6.325480034,73.01026829,grapes
14.0,131.0,198.0,33.4641162,83.86742974,5.562790949,67.92204319,grapes
20.0,122.0,204.0,11.7976469,80.86325389,6.487369687,65.06962486,grapes
40.0,126.0,201.0,11.36300891,80.03100049,6.116982944,71.18289431,grapes
36.0,128.0,204.0,25.23542319,80.68700527,5.695792761,67.03840888,grapes
11.0,132.0,197.0,15.99050693,81.23966573,5.734317007,74.40198861,grapes
0.0,137.0,195.0,22.4359017,80.18612085,6.329499832,65.3973168,grapes
19.0,123.0,200.0,34.76086052,81.03544763,6.167013532,65.70430027,grapes
31.0,136.0,197.0,31.11047251,83.34010951,5.653776058,71.43001582,grapes
4.0,134.0,200.0,28.57828803,80.95628959,5.840256272,73.34232097,grapes
39.0,139.0,201.0,41.18664903,81.01783402,5.539980812,68.68895899,grapes
8.0,127.0,196.0,27.02766138,83.17093908,5.833302165,70.95666003,grapes
39.0,138.0,203.0,21.19339319,82.33098331,6.399433771,74.62834921,grapes
32.0,120.0,204.0,10.38004759,83.44518113,6.138958698,67.3917379,grapes
12.0,142.0,203.0,31.3115978,82.56407013,5.972850838,65.01095312,grapes
8.0,133.0,195.0,20.46657776,80.97598029,6.456079585,71.29813872,grapes
8.0,139.0,199.0,29.36947679,81.53996362,6.336426667,66.13442813,grapes
21.0,134.0,202.0,10.72302459,80.02130636,6.425419926,65.2982112,grapes
40.0,140.0,195.0,14.97846952,80.49979873,6.294395676,71.63437433,grapes
39.0,127.0,202.0,15.3246651,81.67215994,6.477768039,71.60102999,grapes
19.0,120.0,195.0,18.73932187,81.12109244,5.931538447,73.55807954,grapes
21.0,139.0,201.0,19.3642553,83.36094029,5.980598579,67.15094741,grapes
17.0,136.0,195.0,41.20733624,81.61051026,6.389783283,65.90227462,grapes
33.0,139.0,203.0,33.34214482,82.51034633,5.693287415,70.68098614,grapes
22.0,133.0,201.0,23.81995682,80.12211649,6.00299607,67.2739864,grapes
32.0,130.0,196.0,40.66012294,81.24995984,6.372959542,74.03030056,grapes
37.0,135.0,205.0,11.82768186,80.2827185,5.510924849,74.10225057,grapes
15.0,140.0,195.0,13.28504331,83.54193816,5.69945282,65.80006004,grapes
39.0,132.0,196.0,35.83089092,83.32560104,5.778594403,73.67984885,grapes
40.0,121.0,199.0,26.18159716,81.03886263,6.315586313,66.05911698,grapes
40.0,132.0,202.0,24.57558351,80.70695797,5.971813006,69.706113,grapes
29.0,142.0,203.0,29.67229086,83.71498986,5.891195653,66.48490371,grapes
32.0,121.0,199.0,39.37102553,81.25353895,6.129812716,74.08101744,grapes
6.0,140.0,205.0,17.66558428,82.92903419,6.313085601,69.8671263,grapes
8.0,120.0,196.0,24.06679352,82.66396666,6.053662544,69.81855775,grapes
34.0,133.0,202.0,15.31413469,80.09711412,5.804799142,74.82144653,grapes
35.0,135.0,199.0,21.77466746,80.54942557,6.400719746,69.39630398,grapes
16.0,145.0,199.0,26.91624843,80.76838926,5.953966361,69.30927185,grapes
8.0,136.0,201.0,41.65602996,82.22118237,5.609255992,74.19664838,grapes
25.0,129.0,195.0,17.98667801,81.17712085,5.777271492,72.37127689,grapes
16.0,130.0,201.0,29.12033769,82.79092939,5.682395429,68.8503047,grapes
39.0,129.0,203.0,34.38922481,83.18392806,5.863996687,71.03001556,grapes
38.0,135.0,203.0,41.36106301,82.79782954,6.444373116,69.92107482,grapes
33.0,120.0,205.0,35.12158265,82.26890793,5.550832178,69.71518491,grapes
35.0,125.0,204.0,19.6491772,80.15215777,6.107741788,73.69529586,grapes
1.0,132.0,200.0,16.27852801,82.94270065,5.620745638,66.57462809,grapes
39.0,140.0,203.0,21.11903604,80.63399198,6.349875906,69.27779761,grapes
28.0,145.0,202.0,19.2077707,82.9042841,6.484323189,66.83113717,grapes
6.0,128.0,200.0,25.96308415,82.57813624,5.838748311,70.31782647,grapes
6.0,139.0,199.0,25.67385024,81.6212135,6.29099842,74.10919422,grapes
29.0,122.0,196.0,41.94865736,81.15595212,5.638328481,73.06862952,grapes
37.0,144.0,197.0,11.18994268,80.8084305,6.415555956,66.34234944,grapes
38.0,120.0,197.0,17.5438296,82.94703302,6.323722572,73.77063744,grapes
38.0,141.0,198.0,13.05809741,80.28297993,5.757009965,70.75633584,grapes
14.0,121.0,203.0,9.724457611,83.74765639,6.158689406,74.46411148,grapes
6.0,125.0,204.0,27.92004934,82.93262435,5.733539807,69.92092839,grapes
32.0,138.0,197.0,9.535585543,80.73112694,5.908724337,69.44115171,grapes
11.0,124.0,204.0,13.42988625,80.06633966,6.361141107,71.40043037,grapes
23.0,138.0,200.0,9.851242629,80.22631717,5.96537863,68.42802444,grapes
40.0,143.0,201.0,24.97256132,82.72828653,6.476757723,66.70016285,grapes
6.0,142.0,202.0,27.23708304,82.94573346,6.224542938,70.42508897,grapes
37.0,124.0,195.0,18.70679077,83.4795292,6.209928251,66.5964488,grapes
35.0,134.0,204.0,9.949929082,82.55138983,5.841138354,66.00817551,grapes
119.0,25.0,51.0,26.47330219,80.92254421,6.283818329,53.65742581,watermelon
119.0,19.0,55.0,25.18780042,83.44621709,6.818261383,46.87420883,watermelon
105.0,30.0,50.0,25.29954705,81.77527562,6.37620108,57.04147057,watermelon
114.0,8.0,50.0,24.74631269,88.30866319,6.581587932,57.95826144,watermelon
93.0,22.0,52.0,26.58740671,81.32563243,6.932739726,41.87540028,watermelon
80.0,26.0,55.0,24.53442564,88.989272,6.140099215,49.11618732,watermelon
85.0,27.0,45.0,26.0713757,88.7285657,6.467095849,57.79652846,watermelon
85.0,22.0,53.0,25.96534238,89.77076659,6.849471704,59.46338556,watermelon
82.0,22.0,45.0,26.22338015,85.34866045,6.512196212,54.60159289,watermelon
118.0,13.0,54.0,24.41311871,89.81574032,6.039584629,44.07843475,watermelon
83.0,25.0,53.0,26.49195283,80.04678201,6.057697106,57.72799157,watermelon
86.0,15.0,47.0,24.04355803,84.18406764,6.423898762,53.78929956,watermelon
101.0,10.0,47.0,25.5421695,83.31883376,6.936997681,57.57343233,watermelon
119.0,9.0,50.0,26.74550678,83.9195902,6.251286661,40.794305,watermelon
104.0,17.0,46.0,25.7131428,80.22972777,6.190015912,43.08961827,watermelon
95.0,12.0,51.0,25.76484262,84.1726996,6.681606702,44.22066914,watermelon
102.0,14.0,52.0,26.79489868,89.64815231,6.51075991,57.74091817,watermelon
109.0,21.0,55.0,24.9004602,89.73524177,6.770278088,57.44942094,watermelon
81.0,18.0,50.0,26.80750629,88.22874955,6.429788073,58.79889057,watermelon
103.0,17.0,51.0,25.11189154,80.02621335,6.209888345,44.20656987,watermelon
105.0,14.0,50.0,26.2148837,87.6883982,6.419052193,59.65590798,watermelon
97.0,8.0,52.0,24.9103226,86.97190046,6.237861736,49.48575692,watermelon
120.0,19.0,49.0,25.79448878,84.26830701,6.762471629,56.45229202,watermelon
95.0,16.0,55.0,25.26931156,87.55055105,6.612847999,40.12650421,watermelon
83.0,29.0,52.0,25.76402693,87.5931128,6.704688865,46.05122728,watermelon
83.0,9.0,45.0,25.85483596,89.13163965,6.049609892,46.85176955,watermelon
91.0,21.0,50.0,24.33528185,81.44030363,6.762030215,48.32113628,watermelon
116.0,5.0,54.0,25.37601283,80.99313508,6.65398725,57.23028471,watermelon
112.0,28.0,54.0,24.86094646,85.05318563,6.738030547,55.29563514,watermelon
88.0,29.0,51.0,24.71885473,88.94568335,6.095689937,48.45978627,watermelon
118.0,15.0,45.0,24.21495706,84.20576992,6.538006356,48.01138482,watermelon
92.0,21.0,48.0,25.81692236,82.043255,6.377427122,54.82963379,watermelon
106.0,14.0,45.0,24.47018505,84.16390229,6.417011754,57.26773002,watermelon
99.0,5.0,47.0,24.13078816,84.84494575,6.649086972,51.19470197,watermelon
98.0,8.0,51.0,26.1793464,86.52258079,6.25933595,49.43050977,watermelon
108.0,22.0,46.0,26.17668721,86.7295205,6.121168559,53.33484977,watermelon
119.0,7.0,55.0,26.03867719,84.6378378,6.031424482,44.3993381,watermelon
117.0,27.0,48.0,26.53259325,82.39053979,6.835268184,54.30660782,watermelon
109.0,10.0,53.0,26.81938687,87.8274604,6.551750306,46.06193778,watermelon
80.0,16.0,46.0,25.50405534,81.40297428,6.940236218,48.47833278,watermelon
100.0,18.0,52.0,26.20234499,80.38266489,6.87606733,56.47941847,watermelon
91.0,7.0,53.0,25.13735887,89.28272716,6.457216535,43.52897517,watermelon
86.0,6.0,53.0,25.92030221,83.47202566,6.921847888,42.10681516,watermelon
107.0,5.0,52.0,26.6634609,89.98405233,6.881425746,57.40847165,watermelon
103.0,16.0,49.0,24.06731461,81.64075303,6.915717008,51.75212401,watermelon
101.0,20.0,48.0,24.6774157,82.75411437,6.206247494,57.05709413,watermelon
85.0,25.0,47.0,26.11440416,87.64081095,6.29542477,58.48160844,watermelon
84.0,7.0,51.0,26.81530456,87.65694462,6.399669044,55.74073582,watermelon
102.0,28.0,54.0,25.15623099,80.27525115,6.862157042,55.49541453,watermelon
98.0,25.0,52.0,25.2801372,83.15393658,6.224066378,49.29456609,watermelon
97.0,25.0,50.0,26.22005978,80.90127035,6.093814669,49.08553937,watermelon
90.0,16.0,45.0,24.92093261,80.61750795,6.291540278,50.55710813,watermelon
95.0,12.0,46.0,26.21667586,81.01009354,6.32281728,54.65423596,watermelon
82.0,23.0,49.0,26.81383586,87.21986949,6.873283991,51.70497792,watermelon
82.0,25.0,51.0,24.31334971,87.47409052,6.074209622,48.11248366,watermelon
110.0,28.0,46.0,24.29105004,88.04541346,6.49889585,51.26046418,watermelon
118.0,21.0,51.0,24.42998931,86.33904774,6.678805092,48.58241822,watermelon
120.0,20.0,45.0,25.66576039,88.6984228,6.114128685,54.22722466,watermelon
91.0,7.0,52.0,25.07803672,83.46230461,6.405054243,56.39962921,watermelon
81.0,6.0,55.0,24.88910524,85.87059083,6.110142735,51.70699144,watermelon
101.0,13.0,54.0,25.42900869,82.91481799,6.828982708,56.34144589,watermelon
101.0,17.0,55.0,24.37118217,87.1269128,6.451499764,44.63907691,watermelon
111.0,6.0,53.0,26.4930645,88.59143088,6.313512999,46.06382209,watermelon
107.0,10.0,49.0,25.83202912,89.00481725,6.755192025,45.24690619,watermelon
115.0,11.0,46.0,24.41592661,89.39655519,6.623167177,40.32161859,watermelon
84.0,25.0,52.0,24.37190239,81.2514818,6.12532356,44.20899581,watermelon
120.0,7.0,47.0,24.24782473,83.03687902,6.653867608,54.7657624,watermelon
91.0,12.0,46.0,24.64458469,85.49938185,6.343942518,48.31219031,watermelon
89.0,22.0,52.0,24.89681131,86.10782926,6.217300786,53.14626213,watermelon
113.0,19.0,46.0,25.41864024,81.12122989,6.286387658,49.52320689,watermelon
97.0,22.0,50.0,26.26028739,86.14585891,6.7698938,58.97878791,watermelon
117.0,30.0,50.0,24.90123934,87.20772913,6.744966312,46.59207341,watermelon
90.0,14.0,52.0,24.84740848,89.20454622,6.391858432,59.67927244,watermelon
104.0,23.0,47.0,26.98212846,86.70068316,6.770434148,42.91292205,watermelon
81.0,16.0,45.0,26.90435747,86.25426228,6.727468157,59.75980023,watermelon
88.0,5.0,47.0,25.86475496,86.67468041,6.662244646,41.16554802,watermelon
92.0,7.0,45.0,26.70607759,81.14149505,6.944640222,51.51033554,watermelon
81.0,18.0,50.0,26.44019475,80.91934337,6.507110986,47.81847573,watermelon
111.0,5.0,55.0,26.283443,84.42478917,6.520663422,50.78669728,watermelon
108.0,23.0,51.0,26.84366082,83.85039964,6.106500787,40.228644,watermelon
113.0,30.0,50.0,26.03967219,83.9862443,6.277484043,43.87712348,watermelon
83.0,10.0,53.0,24.92994759,85.00802358,6.195142279,48.75859458,watermelon
101.0,11.0,51.0,25.50736962,84.24340241,6.792035575,44.2068997,watermelon
114.0,21.0,55.0,25.4438391,87.9392312,6.472756256,57.51549686,watermelon
99.0,6.0,45.0,26.12588914,86.5507939,6.000975617,40.71210074,watermelon
92.0,20.0,55.0,25.10474753,87.5267616,6.587791262,59.26519444,watermelon
92.0,7.0,48.0,26.27520631,86.63249555,6.956508826,54.38748495,watermelon
91.0,24.0,55.0,26.27061608,83.09194521,6.259086583,46.76837499,watermelon
110.0,21.0,54.0,26.73690828,87.82430156,6.747537642,47.46447019,watermelon
112.0,25.0,51.0,25.04746944,85.5667282,6.932537231,56.72496677,watermelon
89.0,25.0,54.0,24.69368934,85.56967628,6.353107393,48.99390828,watermelon
100.0,10.0,53.0,24.54356968,84.60808277,6.211748957,42.00660251,watermelon
83.0,22.0,54.0,25.89762315,81.96664832,6.277245254,54.49960057,watermelon
95.0,14.0,50.0,26.6333118,84.31756844,6.560443519,56.31866159,watermelon
119.0,30.0,49.0,25.35794749,80.45846265,6.903020221,47.72078245,watermelon
97.0,12.0,47.0,25.28784623,89.63667876,6.765094964,58.28697664,watermelon
110.0,7.0,45.0,26.63838589,84.69546874,6.189213927,48.32428609,watermelon
96.0,18.0,50.0,25.3310446,84.30533791,6.904241707,41.53218699,watermelon
83.0,23.0,55.0,26.89750174,83.89241484,6.463271076,43.97193745,watermelon
120.0,24.0,47.0,26.98603693,89.4138489,6.260838965,58.54876687,watermelon
115.0,17.0,55.0,27.57826922,94.11878202,6.776533055,28.08253201,muskmelon
114.0,27.0,48.0,27.82054812,93.03555162,6.528404378,26.32405487,muskmelon
101.0,25.0,52.0,29.09910406,94.22237826,6.750145572,22.52497327,muskmelon
118.0,18.0,52.0,28.04943594,90.83130708,6.562832807,20.76223014,muskmelon
95.0,26.0,45.0,29.91690582,94.55695552,6.117530021,28.16057247,muskmelon
81.0,25.0,49.0,29.86895762,93.25103208,6.076459669,26.26243014,muskmelon
117.0,24.0,53.0,29.17220859,92.21405224,6.293486295,21.30290472,muskmelon
114.0,30.0,51.0,29.24908541,90.06998135,6.069171847,25.93496537,muskmelon
113.0,6.0,52.0,27.76317235,90.35567642,6.740983646,25.21609113,muskmelon
108.0,26.0,52.0,28.82629037,94.26765349,6.201797639,26.23838511,muskmelon
81.0,30.0,48.0,28.52379742,92.09688432,6.041027474,29.86681385,muskmelon
115.0,9.0,52.0,29.06785065,90.97685539,6.019372459,29.1194739,muskmelon
83.0,7.0,45.0,29.08417927,90.73891887,6.704104127,25.33014238,muskmelon
84.0,21.0,55.0,28.47090661,94.79453182,6.494251024,21.08484101,muskmelon
109.0,26.0,45.0,28.27973674,90.38971208,6.224535449,21.58992507,muskmelon
95.0,27.0,55.0,28.47212559,91.21322065,6.160414414,20.88620369,muskmelon
119.0,5.0,55.0,29.68846716,94.30111601,6.168757984,26.83924845,muskmelon
110.0,14.0,51.0,27.02415146,91.66737633,6.085444691,21.26034986,muskmelon
82.0,18.0,48.0,29.09588297,94.16748386,6.159050816,26.70581328,muskmelon
87.0,14.0,48.0,29.69238699,92.58862544,6.606033244,29.1102594,muskmelon
85.0,9.0,53.0,28.20619412,92.86798698,6.447662945,28.78654515,muskmelon
100.0,6.0,53.0,29.05248036,93.92217834,6.105909623,23.66620626,muskmelon
107.0,12.0,46.0,29.57240298,93.61870344,6.559763394,27.56918621,muskmelon
91.0,13.0,47.0,29.10968327,92.43510994,6.14410903,27.95602304,muskmelon
102.0,25.0,50.0,28.20480805,92.91440379,6.099662369,20.36001144,muskmelon
117.0,25.0,53.0,29.11858526,92.12543021,6.413927319,24.52020164,muskmelon
85.0,21.0,52.0,29.62800691,90.10051615,6.075144116,23.69586761,muskmelon
104.0,25.0,55.0,29.81196601,90.36881284,6.123802502,22.68766503,muskmelon
102.0,24.0,54.0,27.72338349,90.93897939,6.698468621,22.81863447,muskmelon
116.0,25.0,50.0,29.26092798,92.92367701,6.088885814,28.70627683,muskmelon
100.0,17.0,48.0,29.72791119,94.29753295,6.367800632,26.52364146,muskmelon
110.0,25.0,54.0,28.91105641,90.78413842,6.425930938,23.44398467,muskmelon
104.0,25.0,51.0,28.96361426,93.88482153,6.469983276,23.56130173,muskmelon
107.0,11.0,54.0,28.59052369,91.33617236,6.094016338,29.44008034,muskmelon
98.0,26.0,52.0,27.33897716,90.69759008,6.150090899,28.69113835,muskmelon
88.0,17.0,52.0,29.90415889,90.75284363,6.646962425,25.37828397,muskmelon
87.0,25.0,46.0,27.42711692,90.02696201,6.379690748,21.7508774,muskmelon
120.0,8.0,46.0,29.55657523,90.70937262,6.732834334,28.36535596,muskmelon
95.0,13.0,46.0,29.84070774,93.76312893,6.126019932,23.28207838,muskmelon
108.0,22.0,47.0,28.53545677,91.72742702,6.161123579,25.1290048,muskmelon
82.0,13.0,52.0,27.11535046,94.86907886,6.442810053,26.51924782,muskmelon
120.0,23.0,55.0,27.84492803,91.60666594,6.732049075,26.47844429,muskmelon
110.0,22.0,47.0,29.03157242,91.82172592,6.243673725,24.93861254,muskmelon
95.0,23.0,45.0,27.82424457,90.56698742,6.266208727,21.19014526,muskmelon
106.0,10.0,49.0,27.72653142,92.00687531,6.350623739,20.21126747,muskmelon
99.0,12.0,52.0,28.69708334,94.30759855,6.002927293,22.21807088,muskmelon
106.0,20.0,51.0,29.73019662,90.97015715,6.342573112,20.49035619,muskmelon
83.0,11.0,53.0,29.54097171,92.91778307,6.163921248,21.9653077,muskmelon
117.0,19.0,55.0,28.80311922,91.78336933,6.121745389,25.16359891,muskmelon
98.0,26.0,49.0,27.29035669,90.53330091,6.130160473,23.49535234,muskmelon
113.0,20.0,48.0,27.46583649,94.87679041,6.440584681,27.27899847,muskmelon
101.0,17.0,47.0,29.49401389,94.72981338,6.185053234,26.30820876,muskmelon
98.0,7.0,45.0,27.79161808,92.51054946,6.157724816,26.85422624,muskmelon
93.0,22.0,48.0,29.12533739,91.52291141,6.776987974,21.90440445,muskmelon
95.0,21.0,47.0,27.93114233,93.56161439,6.431970877,20.66127836,muskmelon
109.0,12.0,48.0,29.45771748,92.12534736,6.708743843,20.76212031,muskmelon
118.0,12.0,47.0,27.96872279,92.17444796,6.010739645,28.94766949,muskmelon
100.0,14.0,49.0,29.48882958,91.07574233,6.365956658,26.01909355,muskmelon
89.0,9.0,47.0,29.47156259,90.77069618,6.668382766,28.75226067,muskmelon
95.0,16.0,46.0,27.0767265,90.14362622,6.74669542,24.4514648,muskmelon
95.0,7.0,45.0,27.30008597,90.80015308,6.031665834,25.09484511,muskmelon
87.0,6.0,45.0,29.82729394,90.79007335,6.40077205,22.84203589,muskmelon
93.0,20.0,50.0,29.93061247,93.22980899,6.448792689,24.34814338,muskmelon
84.0,29.0,49.0,29.94349168,93.90741192,6.251420275,20.39020503,muskmelon
111.0,5.0,47.0,28.03306461,91.47355778,6.274452811,21.17924769,muskmelon
111.0,5.0,52.0,29.8843055,94.0371147,6.135996372,21.0000988,muskmelon
111.0,15.0,54.0,27.7058373,92.91185695,6.194090172,22.06207161,muskmelon
89.0,11.0,47.0,29.78714005,94.65343534,6.327822962,27.8659442,muskmelon
110.0,15.0,48.0,28.57819995,92.86597437,6.212567211,27.5987178,muskmelon
95.0,30.0,52.0,29.48069921,90.33698678,6.640470863,26.0365768,muskmelon
115.0,12.0,52.0,27.51492243,94.96218673,6.685553129,21.01796432,muskmelon
120.0,25.0,50.0,28.05457761,94.81637388,6.327210469,21.84869328,muskmelon
102.0,11.0,45.0,29.03167341,93.12603235,6.35544263,24.15591199,muskmelon
94.0,5.0,55.0,28.5854649,91.89216849,6.085682344,26.88372572,muskmelon
84.0,18.0,46.0,27.08808014,93.42402083,6.781050373,25.32159689,muskmelon
107.0,22.0,54.0,27.99611732,90.84660317,6.630301421,21.61893763,muskmelon
80.0,18.0,52.0,27.87317436,91.14849627,6.484799661,24.05207925,muskmelon
86.0,18.0,45.0,28.96586565,90.71832938,6.566759102,22.25838137,muskmelon
113.0,28.0,48.0,28.87726019,92.48839665,6.170520518,24.44267592,muskmelon
115.0,18.0,53.0,29.17052093,94.19790371,6.012480351,22.06994464,muskmelon
82.0,20.0,54.0,29.34033587,90.01506395,6.541150335,21.44532907,muskmelon
98.0,22.0,47.0,29.07265321,91.91533173,6.341400922,28.83568362,muskmelon
117.0,25.0,54.0,28.68275966,92.50969311,6.150686364,29.11187663,muskmelon
83.0,15.0,49.0,28.92705913,91.39356832,6.438008153,23.20076686,muskmelon
120.0,16.0,51.0,27.99901833,91.64193051,6.547041903,23.28618248,muskmelon
111.0,5.0,50.0,27.59350075,91.79742953,6.399891457,24.84266123,muskmelon
85.0,21.0,47.0,29.87331077,90.60932469,6.186770318,24.69720481,muskmelon
90.0,23.0,54.0,28.55852465,90.45773041,6.159020864,27.26588346,muskmelon
99.0,29.0,55.0,29.19378695,91.46241065,6.660954816,26.48240255,muskmelon
102.0,11.0,47.0,27.98780984,92.78226196,6.504906979,27.14509034,muskmelon
80.0,18.0,51.0,28.05380704,91.81758779,6.706053225,20.76582087,muskmelon
87.0,21.0,52.0,27.3506296,94.2911951,6.067665498,27.21244021,muskmelon
114.0,8.0,52.0,29.34081108,94.5513539,6.419083092,28.22908103,muskmelon
99.0,6.0,46.0,28.61475136,94.22253035,6.39637861,28.98574189,muskmelon
89.0,25.0,50.0,27.04863538,91.34685096,6.375923383,25.08146686,muskmelon
96.0,13.0,55.0,29.5275305,94.57459443,6.700337732,21.13545688,muskmelon
82.0,26.0,47.0,28.50416396,93.46806467,6.565312653,24.20007242,muskmelon
106.0,21.0,52.0,28.89578588,94.78993038,6.286515359,23.0362503,muskmelon
90.0,15.0,52.0,27.04927452,91.3821731,6.448061578,23.65747461,muskmelon
106.0,16.0,54.0,28.96017885,91.69532178,6.585872508,24.7458198,muskmelon
24.0,128.0,196.0,22.75088787,90.69489172,5.521466996,110.4317855,apple
7.0,144.0,197.0,23.8494014,94.34814995,6.133220586,114.0512495,apple
14.0,128.0,205.0,22.60800988,94.58900601,6.226289556,116.0396587,apple
8.0,120.0,201.0,21.18667419,91.13435689,6.321152192,122.233323,apple
20.0,129.0,201.0,23.41044706,91.69913296,5.587905967,116.0777931,apple
32.0,137.0,204.0,22.86006627,93.12859895,5.824151693,117.7296726,apple
27.0,139.0,205.0,22.48403042,93.40819246,5.772179946,105.5473627,apple
0.0,123.0,205.0,22.02775403,92.96129462,5.790993052,121.1349176,apple
22.0,144.0,196.0,21.91191314,91.68748063,6.499226821,117.0761277,apple
1.0,124.0,199.0,23.71059131,93.27392415,5.658473817,112.6676589,apple
30.0,122.0,197.0,21.37784654,92.72043743,5.573241391,106.1417017,apple
29.0,121.0,196.0,22.84852833,94.32130209,6.079497202,123.5977843,apple
13.0,126.0,204.0,23.1094265,92.79630809,6.383180271,108.183792,apple
9.0,139.0,199.0,23.25230817,94.54128292,5.867420996,105.3558408,apple
0.0,133.0,200.0,23.67287749,90.4935574,5.708418722,104.2298028,apple
30.0,143.0,199.0,23.76881552,90.59810302,5.7983508,102.2648546,apple
36.0,140.0,198.0,23.34386401,91.47684705,6.28188384,104.4267991,apple
37.0,137.0,199.0,22.63946441,90.18451645,5.697945522,108.3405879,apple
33.0,121.0,203.0,22.45696744,94.76285385,5.605934087,114.8407725,apple
7.0,144.0,195.0,22.96388477,93.58065995,5.85648105,104.6472986,apple
35.0,128.0,205.0,21.07273439,93.56585985,6.041053829,107.8737015,apple
29.0,128.0,198.0,22.44075021,92.70785115,5.685062404,121.4977331,apple
2.0,143.0,196.0,22.71271308,90.45261746,5.669489065,109.8852597,apple
34.0,140.0,198.0,21.70416965,93.44006288,5.751707342,115.1781396,apple
29.0,144.0,204.0,22.43324518,92.48667725,5.800448951,119.1025189,apple
32.0,141.0,203.0,21.25941052,92.84416234,5.821347769,109.0658471,apple
13.0,144.0,197.0,22.9215706,94.89613443,6.28022267,105.6941544,apple
25.0,143.0,198.0,22.81212536,91.51861705,6.027314401,107.855225,apple
9.0,137.0,200.0,21.12152071,90.6878768,5.636687393,102.8017203,apple
6.0,144.0,198.0,21.11478672,90.31528693,5.559363609,104.5086618,apple
37.0,126.0,196.0,23.59997268,90.97597665,5.596449493,107.1728191,apple
2.0,120.0,203.0,23.12652652,94.71203306,5.893492999,108.6211833,apple
11.0,143.0,197.0,22.98458907,93.3204487,5.875718516,122.1952483,apple
10.0,141.0,201.0,22.12659387,90.97818277,6.386021424,104.5412275,apple
24.0,142.0,202.0,22.53779727,91.48135786,5.710819862,101.8474768,apple
23.0,138.0,195.0,22.49095104,91.70292746,5.795985716,124.3915101,apple
18.0,125.0,204.0,22.35548159,94.47811755,6.046673619,116.7366261,apple
13.0,121.0,196.0,22.20700989,93.50574163,6.443382913,120.1593771,apple
26.0,122.0,202.0,22.44516988,94.73763514,5.617227184,107.1843273,apple
28.0,123.0,202.0,22.76643029,92.12438519,6.442289294,120.4359949,apple
26.0,121.0,201.0,22.19109412,90.02575116,6.162034371,112.3126628,apple
21.0,137.0,196.0,23.6119202,91.70293849,5.812781806,123.5900822,apple
21.0,135.0,198.0,23.86087054,94.92048112,5.765015126,105.0241329,apple
5.0,144.0,205.0,21.42177231,92.62665309,6.184922574,102.8045658,apple
2.0,123.0,205.0,22.36629253,90.78572467,5.739652177,124.9831618,apple
15.0,133.0,199.0,23.99686172,91.61001707,5.824778636,117.6102915,apple
31.0,130.0,198.0,21.80129837,92.73446667,5.554823557,120.0586671,apple
25.0,143.0,200.0,23.80436344,92.80441624,6.024248787,100.6192543,apple
16.0,143.0,204.0,23.71475278,91.53331177,5.631333387,121.8961665,apple
19.0,122.0,202.0,23.34467359,90.37981478,5.811975094,112.8954016,apple
10.0,125.0,196.0,22.31253665,90.03577124,5.730557448,113.0688155,apple
20.0,139.0,202.0,23.50201428,92.21083961,5.66999105,107.9868949,apple
28.0,123.0,198.0,23.46260321,91.45665004,5.682751473,111.7763395,apple
28.0,136.0,200.0,23.06204373,92.39544055,6.245858905,114.7399101,apple
2.0,131.0,199.0,22.47420512,91.22759742,6.017370134,124.2179699,apple
2.0,140.0,197.0,22.69780133,92.82223419,5.53456749,105.0508234,apple
27.0,138.0,201.0,23.66682067,93.90191078,5.952367662,105.4004751,apple
30.0,127.0,204.0,22.50050273,92.45878335,6.126436584,100.9343903,apple
32.0,145.0,203.0,23.83053666,90.84422164,6.406818518,109.5966791,apple
29.0,139.0,205.0,23.64142354,93.74461474,6.155939453,116.6912176,apple
26.0,126.0,195.0,21.41363812,92.99124545,5.878568981,118.3979065,apple
40.0,136.0,202.0,22.85267372,94.5764581,5.935336308,117.5314026,apple
6.0,124.0,200.0,22.98208095,93.84505029,5.971332179,109.5852253,apple
35.0,138.0,200.0,21.19909519,90.80819418,5.67130617,103.6838922,apple
17.0,136.0,196.0,23.87192332,90.49939035,5.882155988,103.0548094,apple
33.0,134.0,205.0,21.0365275,94.33919546,6.08551916,114.7412734,apple
16.0,143.0,197.0,22.61711614,93.51978375,5.90402645,116.9256766,apple
27.0,120.0,200.0,21.45278675,90.74531921,6.110218826,116.7036582,apple
29.0,145.0,205.0,22.81227579,92.12992101,6.212302608,109.3383552,apple
3.0,141.0,197.0,21.98141856,91.12719303,6.142803397,115.4789148,apple
15.0,123.0,204.0,22.52709326,92.54780429,6.365972688,115.3830068,apple
5.0,136.0,195.0,22.35628673,91.92360477,6.264202804,107.7697413,apple
10.0,136.0,204.0,21.19852186,92.15595143,6.276198595,105.8554351,apple
7.0,141.0,195.0,23.8812458,93.45067555,5.514253142,104.9116663,apple
2.0,129.0,201.0,22.78234161,94.36803516,5.682343744,122.1449949,apple
29.0,138.0,197.0,22.19055385,92.43764169,5.830892252,121.6622761,apple
30.0,137.0,200.0,22.91430043,90.70475565,5.603413172,118.6044645,apple
29.0,132.0,204.0,23.08950736,90.22507299,6.0967531,108.2166601,apple
14.0,139.0,197.0,21.72484506,92.83975602,6.056529526,121.6961761,apple
18.0,125.0,203.0,22.44307715,91.59234006,6.160267496,102.5565807,apple
33.0,143.0,204.0,21.1316077,91.95769858,5.814434775,122.5391946,apple
40.0,144.0,196.0,22.71750705,92.25479855,5.987262638,107.0289866,apple
9.0,143.0,197.0,23.75033085,92.88160462,5.570020684,117.6602827,apple
38.0,135.0,203.0,23.76121837,93.661643,5.965551311,100.825956,apple
28.0,130.0,196.0,22.13450646,94.67695747,6.062356467,112.9203223,apple
35.0,142.0,203.0,21.17089176,90.23730166,5.895319002,123.6495149,apple
12.0,129.0,205.0,22.36238282,91.15761594,6.119432215,118.6832725,apple
1.0,135.0,203.0,22.77856513,92.70124029,5.624203283,113.7759219,apple
0.0,145.0,205.0,21.22503442,90.09877774,5.52078314,113.9760462,apple
31.0,121.0,201.0,23.15791104,90.34396882,5.731535258,110.712841,apple
35.0,131.0,203.0,22.42776057,93.91722423,5.893490899,102.7230739,apple
29.0,140.0,195.0,23.64082979,90.95257927,5.560521058,116.7431319,apple
33.0,138.0,198.0,22.29423493,90.69033986,6.222390798,122.7418744,apple
14.0,140.0,197.0,23.35225078,90.90054697,6.071255131,113.0381382,apple
35.0,145.0,195.0,22.03911546,94.58075845,6.231950009,110.9804014,apple
40.0,120.0,197.0,23.80593812,92.48879468,5.889480679,119.6335548,apple
25.0,132.0,198.0,22.31944084,90.85174383,5.732757516,100.1173443,apple
31.0,137.0,196.0,22.14464104,93.82567435,6.400321212,120.6310784,apple
36.0,144.0,196.0,23.65167552,94.50528753,6.496934492,115.3611268,apple
10.0,140.0,197.0,22.16939473,90.27185592,6.229498836,124.4683112,apple
22.0,30.0,12.0,15.78144173,92.51077745,6.354006744,119.035002,orange
37.0,6.0,13.0,26.03097313,91.50819306,7.511755068,101.2847738,orange
27.0,13.0,6.0,13.36050601,91.35608208,7.335158382,111.2266885,orange
7.0,16.0,9.0,18.87957654,92.04304496,7.813916603,114.6659511,orange
20.0,7.0,9.0,29.47741671,91.57802915,7.129136941,111.1727497,orange
26.0,27.0,10.0,28.06903173,92.91487288,6.079998496,114.1339416,orange
5.0,23.0,15.0,25.66901098,92.04670813,7.408939392,112.5424199,orange
0.0,18.0,14.0,29.77149434,92.00719952,7.207991261,114.4161786,orange
39.0,24.0,14.0,30.55472573,90.90343769,7.189259647,106.0711985,orange
13.0,23.0,6.0,23.96147583,90.26408017,7.365338111,102.6958703,orange
21.0,17.0,15.0,23.98289638,91.5473145,7.455991072,118.4901697,orange
33.0,12.0,8.0,25.26052689,90.31153735,6.822282114,117.3695296,orange
6.0,9.0,12.0,31.08368929,90.14362642,7.028746406,109.6894658,orange
19.0,7.0,10.0,14.78003032,91.22062116,6.118430299,100.1961762,orange
24.0,18.0,6.0,26.56608303,94.45239715,6.285312759,116.3796525,orange
9.0,11.0,8.0,24.85903405,94.39000473,6.559236744,111.7803734,orange
31.0,8.0,7.0,34.51465139,93.63812684,7.163245982,103.5684926,orange
22.0,17.0,5.0,24.12188673,90.72351622,6.945562889,102.835632,orange
13.0,5.0,8.0,23.85340379,90.10522549,7.474710503,103.923226,orange
16.0,8.0,9.0,24.60297538,91.28408653,7.601189843,111.2948115,orange
4.0,13.0,6.0,15.63211033,94.25966183,7.561143224,101.4705704,orange
0.0,25.0,14.0,19.33516809,91.97978938,6.361671475,116.450422,orange
8.0,7.0,10.0,28.2620488,91.98317355,6.929216014,105.2132259,orange
4.0,23.0,5.0,22.67594476,93.36348717,7.477935216,110.3332655,orange
33.0,14.0,8.0,21.03200078,92.9641969,7.684420446,110.6823944,orange
30.0,7.0,15.0,33.23453301,91.06053924,7.825531916,115.7659902,orange
21.0,29.0,12.0,22.30318989,92.15987039,6.438668989,117.3688104,orange
11.0,14.0,5.0,11.50322938,94.8933184,6.946354724,115.5683776,orange
9.0,8.0,15.0,14.34320488,94.35734702,7.994465371,110.2223123,orange
5.0,18.0,14.0,33.1056981,93.48447453,7.434118807,119.1709113,orange
29.0,25.0,14.0,30.49183837,90.4582865,7.781988584,113.3302105,orange
33.0,12.0,15.0,30.25578031,92.03272799,6.052318465,116.7173125,orange
8.0,16.0,6.0,12.22816189,90.26457428,7.106650373,108.4161706,orange
15.0,14.0,8.0,10.01081312,90.22399223,6.22094286,119.3941064,orange
16.0,7.0,8.0,22.79196751,90.60901895,6.420457311,116.5084074,orange
0.0,12.0,7.0,20.18432263,90.65458473,6.969249676,116.8130969,orange
5.0,25.0,6.0,30.72119881,94.01331956,6.011302181,106.8118019,orange
6.0,8.0,11.0,24.35590861,92.39651663,6.600948788,119.6946577,orange
10.0,5.0,5.0,21.21306973,91.35349216,7.817846496,112.9834361,orange
1.0,17.0,6.0,10.78689755,91.38411917,6.8198271,117.5293447,orange
1.0,30.0,10.0,11.89925671,91.34663797,7.291405641,103.5771468,orange
0.0,23.0,15.0,22.56664172,93.37488907,7.598729065,109.8585753,orange
24.0,27.0,9.0,18.86883219,93.24688124,6.157135092,119.3936976,orange
36.0,11.0,13.0,17.34083741,93.04897191,7.1917274,112.7194284,orange
40.0,21.0,8.0,34.90665289,92.87820148,7.418761774,102.1906333,orange
40.0,22.0,6.0,24.53610067,91.90997228,6.488221135,115.9787989,orange
32.0,18.0,13.0,13.8377282,91.74780462,6.044167236,107.9873218,orange
9.0,10.0,10.0,22.3551049,93.52211892,6.010391864,101.5164589,orange
13.0,16.0,8.0,34.74004942,93.12316972,6.949838549,100.1967854,orange
15.0,9.0,11.0,11.54785707,94.14861001,7.907956251,108.8289171,orange
29.0,11.0,5.0,23.13338811,91.94670335,7.639788459,104.4224145,orange
1.0,15.0,9.0,29.98364695,94.55239717,7.53350946,115.3560318,orange
18.0,5.0,11.0,20.87947369,90.93756231,6.251586885,102.4550786,orange
14.0,22.0,9.0,17.24944623,91.13772765,6.543191814,112.5090516,orange
33.0,15.0,7.0,15.83388699,91.68293851,7.651225301,109.7571416,orange
4.0,6.0,7.0,23.01014302,91.11764246,6.708889665,112.6738296,orange
17.0,16.0,14.0,16.39624284,92.18151927,6.625538653,102.944161,orange
12.0,20.0,10.0,24.45132792,93.10527686,6.528354932,109.4711098,orange
34.0,29.0,8.0,31.87859192,91.15248149,6.450640306,105.3437825,orange
39.0,28.0,10.0,31.34920143,91.48247612,7.181907673,109.1549823,orange
31.0,25.0,12.0,18.05142392,90.03969587,7.016482298,111.7793889,orange
12.0,6.0,8.0,30.84835031,92.86773675,6.388617138,107.4142681,orange
12.0,29.0,13.0,22.45616931,91.52781832,7.57125447,118.0069295,orange
26.0,11.0,11.0,13.70319166,90.95589386,7.609348255,106.2944879,orange
19.0,24.0,15.0,20.48954522,93.72485075,7.137136973,111.8391951,orange
39.0,21.0,9.0,13.20844373,94.02769434,6.354022554,106.2696156,orange
16.0,29.0,13.0,32.31944397,93.67804556,6.196907944,117.6236473,orange
36.0,29.0,13.0,20.68185224,90.91510525,7.829507245,109.7513927,orange
37.0,23.0,12.0,31.52675982,90.50621806,6.395258356,113.1169398,orange
39.0,9.0,15.0,25.35467646,91.81183218,7.992041984,116.7555937,orange
31.0,5.0,14.0,17.66545409,91.69865887,6.583411671,110.6857506,orange
18.0,12.0,8.0,12.59093977,91.81668769,6.206053072,119.3916718,orange
20.0,20.0,10.0,11.86631922,93.68394562,6.976997772,106.060149,orange
5.0,8.0,5.0,11.03367937,92.22706805,6.562594972,112.7715925,orange
20.0,8.0,12.0,25.2990432,94.96419851,7.260416405,117.9733424,orange
25.0,21.0,11.0,32.23797837,90.15406807,6.460044778,104.7052254,orange
14.0,19.0,14.0,17.68408797,94.35815354,6.699164936,108.0638166,orange
37.0,18.0,12.0,10.2708877,90.19147747,7.401121811,106.6955204,orange
26.0,15.0,6.0,17.22034507,94.78797376,6.912033409,108.0054343,orange
13.0,22.0,5.0,19.667056,90.50096668,7.764040111,100.1737964,orange
32.0,25.0,9.0,10.35609594,93.75652041,7.796034006,101.1456947,orange
19.0,7.0,9.0,27.255435,91.71369387,6.969883483,101.139435,orange
28.0,7.0,9.0,34.5917846,92.13229786,6.730757538,115.5650287,orange
24.0,30.0,11.0,32.39523995,94.51768464,6.601395755,113.25373,orange
7.0,17.0,10.0,10.16431299,91.22320999,6.465913274,106.362551,orange
18.0,23.0,8.0,21.49118657,93.43949693,6.41354791,101.4819888,orange
7.0,20.0,12.0,16.53460397,94.76759975,6.475275337,110.0447896,orange
20.0,23.0,11.0,31.8520694,90.12220323,6.407715561,109.9455062,orange
18.0,14.0,11.0,28.04799508,90.00621688,6.550814117,117.1311498,orange
34.0,11.0,10.0,31.75048899,94.59551226,7.36220835,115.1989301,orange
20.0,29.0,10.0,29.07412717,93.27189064,7.36549204,100.7896871,orange
37.0,24.0,13.0,19.14381903,90.71037456,7.8546243,108.0230792,orange
12.0,8.0,10.0,16.14820285,91.4448027,7.995848977,107.4287664,orange
34.0,10.0,14.0,34.05296914,92.05811721,6.725600855,116.8020848,orange
6.0,13.0,9.0,34.51423957,90.56151463,7.786725333,118.3271968,orange
27.0,30.0,5.0,32.71748548,90.54608254,7.656978112,113.328978,orange
13.0,8.0,12.0,25.16296632,92.54736032,7.105904818,114.3117197,orange
6.0,7.0,7.0,27.68167318,94.47316879,7.199106204,113.9995146,orange
40.0,17.0,15.0,21.35093384,90.9492967,7.871063004,107.0862095,orange
31.0,26.0,9.0,11.69894639,93.25638873,7.566165721,103.2005992,orange
61.0,68.0,50.0,35.21462816,91.49725058,6.793245417,243.0745066,papaya
58.0,46.0,45.0,42.39413392,90.79028064,6.576261427,88.46607497,papaya
45.0,47.0,55.0,38.4191628,91.14220381,6.751452932,119.2653877,papaya
39.0,65.0,53.0,35.33294932,92.11508608,6.560743093,235.6133585,papaya
31.0,68.0,45.0,42.92325255,90.07600528,6.938313356,196.2408242,papaya
70.0,68.0,45.0,33.83508569,92.85470152,6.991626158,203.4044028,papaya
68.0,62.0,50.0,33.20258348,92.76437927,6.977700268,197.5282582,papaya
34.0,65.0,47.0,23.48546973,93.71043692,6.833768535,191.7760562,papaya
38.0,68.0,54.0,29.33710543,90.81781439,6.739170045,202.0572747,papaya
69.0,64.0,47.0,40.21199348,94.50766912,6.993473247,186.6762324,papaya
58.0,51.0,47.0,42.13473976,91.70445386,6.757470637,197.402901,papaya
59.0,47.0,53.0,32.86316618,91.4618874,6.850663232,47.271547,papaya
44.0,64.0,54.0,29.80744318,91.38048469,6.74274935,232.7046126,papaya
56.0,57.0,48.0,31.56213762,93.0484859,6.506120752,63.62250788,papaya
69.0,60.0,54.0,36.32268069,93.06134398,6.98992719,141.1736926,papaya
56.0,58.0,49.0,37.13165026,94.60761797,6.69215564,172.4788062,papaya
49.0,55.0,53.0,38.4418717,93.63739039,6.544029776,77.71566883,papaya
38.0,51.0,52.0,32.66160599,90.78931681,6.927803911,78.85085502,papaya
54.0,65.0,47.0,27.92765919,91.55594211,6.721835879,149.9107557,papaya
57.0,57.0,51.0,39.01793345,91.48815629,6.99223441,105.8841531,papaya
39.0,52.0,53.0,32.51247398,94.65904123,6.704204398,51.07048113,papaya
58.0,67.0,45.0,38.72382798,91.72514851,6.702424548,62.62377075,papaya
61.0,64.0,52.0,43.30204933,92.83405443,6.641098708,110.562229,papaya
34.0,62.0,55.0,27.58548913,90.72526502,6.585346229,238.5008779,papaya
31.0,48.0,45.0,40.78881819,92.90951393,6.563134737,132.7923586,papaya
47.0,46.0,52.0,23.19451074,91.40301608,6.502289473,206.3999208,papaya
32.0,68.0,52.0,32.68067385,92.61715632,6.800321319,248.8592986,papaya
36.0,59.0,46.0,34.28879307,93.61082872,6.721130543,127.2509777,papaya
61.0,51.0,51.0,39.30050027,94.16193416,6.574677594,120.9512466,papaya
70.0,54.0,46.0,39.73149053,91.12220596,6.919342407,122.7628653,papaya
44.0,56.0,49.0,39.23342464,91.25589286,6.519779583,64.4478499,papaya
34.0,68.0,51.0,27.34734861,94.17756725,6.687088098,40.35153141,papaya
50.0,59.0,47.0,40.76998685,92.09278584,6.747975732,209.8678411,papaya
39.0,70.0,52.0,26.26559543,90.79668055,6.65149129,59.49373381,papaya
34.0,61.0,49.0,28.12971499,93.3210737,6.502675132,117.8201907,papaya
44.0,60.0,55.0,34.2804607,90.55561637,6.825371185,98.54047745,papaya
31.0,62.0,52.0,33.7960155,93.00754254,6.99104104,182.026807,papaya
65.0,62.0,51.0,31.53243779,90.87394933,6.511624841,207.0735119,papaya
44.0,57.0,53.0,42.30495821,90.51431779,6.93172108,74.876786,papaya
50.0,47.0,48.0,24.63676897,90.61964344,6.712772333,218.2299187,papaya
43.0,50.0,48.0,28.28222883,91.37059792,6.63016515,179.2720807,papaya
60.0,46.0,53.0,24.48620746,92.98254537,6.761953186,183.49095,papaya
70.0,68.0,55.0,42.84609252,94.63548176,6.691202286,78.8099639,papaya
59.0,62.0,52.0,43.67549305,93.10887229,6.608667684,103.8235658,papaya
60.0,58.0,51.0,42.07213781,92.92203105,6.840802254,165.7412972,papaya
42.0,60.0,47.0,33.46873719,92.12746225,6.834808348,136.8277041,papaya
35.0,66.0,47.0,31.7018373,91.66232213,6.953439161,48.83810592,papaya
34.0,65.0,48.0,41.41968393,90.03863107,6.665024508,199.3096432,papaya
36.0,54.0,46.0,42.54744013,94.94482086,6.662875839,214.4103848,papaya
39.0,64.0,52.0,28.91842453,94.63676767,6.678695788,63.68794608,papaya
37.0,52.0,47.0,43.08022702,93.90305729,6.54277684,211.8529059,papaya
33.0,47.0,46.0,29.20300896,93.96834049,6.839443833,209.4083305,papaya
34.0,48.0,48.0,41.04224355,91.37258067,6.805277038,181.527598,papaya
49.0,54.0,50.0,25.62446619,93.18240298,6.762522087,97.26336657,papaya
40.0,65.0,49.0,35.32876402,91.06138506,6.678449318,163.9069365,papaya
68.0,52.0,49.0,24.42561272,92.27749066,6.577192175,63.35298768,papaya
50.0,46.0,52.0,31.18298415,90.21646909,6.734005648,54.01872359,papaya
65.0,63.0,50.0,31.88342554,91.3256535,6.524459342,79.27201575,papaya
40.0,49.0,47.0,42.93368602,91.1756748,6.501521192,246.3613268,papaya
42.0,53.0,48.0,23.11407669,94.31994776,6.758479569,231.5153161,papaya
49.0,55.0,51.0,24.87212063,93.90560147,6.676578778,135.1694525,papaya
59.0,62.0,49.0,43.36051537,93.35191636,6.941496806,114.778071,papaya
63.0,58.0,47.0,26.83054058,90.75379971,6.864143752,144.6656444,papaya
70.0,65.0,52.0,30.42012134,93.12659793,6.583528529,75.95295,papaya
63.0,50.0,52.0,28.64555584,93.22642604,6.751747609,115.8163936,papaya
40.0,64.0,47.0,32.50037548,93.47888842,6.893509446,71.73759526,papaya
63.0,58.0,50.0,43.03714283,94.6428898,6.720744449,41.5856585,papaya
45.0,58.0,49.0,30.10773379,90.34546355,6.827812549,75.24521981,papaya
66.0,69.0,47.0,23.69212243,93.61055571,6.912299695,87.53393983,papaya
54.0,67.0,52.0,35.67667332,93.30641944,6.586107335,141.3381168,papaya
69.0,67.0,52.0,27.71948962,94.43877142,6.827305908,82.83061083,papaya
67.0,68.0,49.0,35.26824831,92.38282957,6.821774589,149.8488208,papaya
45.0,57.0,47.0,23.16855863,90.78821158,6.656458831,161.6892093,papaya
56.0,50.0,52.0,33.08706051,92.25197542,6.770384816,88.1300769,papaya
70.0,50.0,53.0,37.4620912,90.44967809,6.933809743,172.3458448,papaya
44.0,47.0,45.0,38.73218907,94.73613484,6.579441304,218.142147,papaya
50.0,60.0,47.0,32.57720726,92.74889453,6.92791761,93.7942847,papaya
52.0,51.0,53.0,38.38231475,93.10378595,6.985804083,210.2735346,papaya
35.0,68.0,45.0,42.93605359,90.09448142,6.612429546,234.8466111,papaya
68.0,69.0,52.0,25.65492304,92.74501561,6.813383387,52.95477913,papaya
32.0,55.0,52.0,37.58899717,91.99740365,6.9677596,159.6577388,papaya
32.0,55.0,51.0,29.60718808,93.15642801,6.57398033,62.68710535,papaya
48.0,62.0,47.0,25.34756111,93.02871078,6.803094965,174.4012337,papaya
39.0,69.0,53.0,25.9300384,93.02357765,6.964955435,241.8202079,papaya
49.0,61.0,45.0,32.76795887,94.57377401,6.764213299,240.4795923,papaya
48.0,57.0,54.0,29.02328049,90.20396783,6.617703178,126.8069869,papaya
69.0,66.0,49.0,40.00439101,90.17015833,6.52711001,92.11877372,papaya
53.0,55.0,55.0,33.32315744,91.25271223,6.709668804,234.496633,papaya
38.0,61.0,52.0,31.22790131,94.94021378,6.620729882,46.44279118,papaya
57.0,64.0,55.0,26.68386496,92.9585411,6.583760499,62.50689682,papaya
51.0,57.0,55.0,24.70528368,90.14732171,6.676407337,108.4103158,papaya
56.0,65.0,45.0,38.2016825,93.97379963,6.751298936,218.0908814,papaya
54.0,66.0,52.0,36.56769731,93.79503425,6.867554147,104.4218596,papaya
58.0,55.0,47.0,26.05375792,93.69111672,6.742490027,240.6863901,papaya
68.0,70.0,54.0,31.29986342,92.76039164,6.986228647,54.77830202,papaya
42.0,59.0,55.0,40.10207731,94.35110201,6.979102243,149.1199989,papaya
43.0,64.0,47.0,38.58954491,91.58076549,6.825664782,102.2708231,papaya
35.0,67.0,49.0,41.31330062,91.1508798,6.617066674,239.7427554,papaya
56.0,59.0,55.0,37.03551903,91.79430166,6.551892638,188.5181422,papaya
39.0,64.0,53.0,23.0124018,91.07355541,6.598860305,208.3357976,papaya
